{"cameraMode":{"drawMode":0,"name":"Shaded","section":"Shading Mode"},"sceneLighting":true,"audioPlay":false,"sceneViewState":{"m_AlwaysRefresh":false,"showFog":true,"showSkybox":false,"showFlares":true,"showImageEffects":true,"showParticleSystems":true,"showVisualEffectGraphs":true,"m_FxEnabled":true},"in2DMode":false,"pivot":{"x":175.42904663085938,"y":41.553043365478519,"z":199.33802795410157},"rotation":{"x":0.015660574659705163,"y":0.9800302386283875,"z":-0.08578695356845856,"w":0.17895980179309846},"size":0.9200435876846314,"orthographic":false}