{"cameraMode":{"drawMode":0,"name":"Shaded","section":"Shading Mode"},"sceneLighting":true,"audioPlay":false,"sceneViewState":{"m_AlwaysRefresh":false,"showFog":true,"showSkybox":true,"showFlares":true,"showImageEffects":true,"showParticleSystems":true,"showVisualEffectGraphs":true,"m_FxEnabled":true},"in2DMode":false,"pivot":{"x":177.5464630126953,"y":41.76205825805664,"z":199.73548889160157},"rotation":{"x":0.08991027623414993,"y":-0.7028292417526245,"z":0.09034964442253113,"w":0.6998772025108337},"size":2.7658369541168215,"orthographic":false}