{"cameraMode":{"drawMode":0,"name":"Shaded","section":"Shading Mode"},"sceneLighting":true,"audioPlay":false,"sceneViewState":{"m_AlwaysRefresh":false,"showFog":true,"showSkybox":true,"showFlares":true,"showImageEffects":true,"showParticleSystems":true,"showVisualEffectGraphs":true,"m_FxEnabled":true},"in2DMode":false,"pivot":{"x":111.97227478027344,"y":58.19605255126953,"z":-56.748226165771487},"rotation":{"x":-0.16691850125789643,"y":0.0833035260438919,"z":-0.014153789728879929,"w":-0.9823504090309143},"size":8.104751586914063,"orthographic":false}