{"cameraMode":{"drawMode":0,"name":"Shaded","section":"Shading Mode"},"sceneLighting":true,"audioPlay":false,"sceneViewState":{"m_AlwaysRefresh":false,"showFog":true,"showSkybox":true,"showFlares":true,"showImageEffects":true,"showParticleSystems":true,"showVisualEffectGraphs":true,"m_FxEnabled":true},"in2DMode":false,"pivot":{"x":192.1204071044922,"y":40.462310791015628,"z":199.48316955566407},"rotation":{"x":0.04191126301884651,"y":0.2906380295753479,"z":-0.012711084447801113,"w":0.9558536410331726},"size":1.1912322044372559,"orthographic":false}