{"cameraMode":{"drawMode":0,"name":"Shaded","section":"Shading Mode"},"sceneLighting":true,"audioPlay":false,"sceneViewState":{"m_AlwaysRefresh":false,"showFog":true,"showSkybox":true,"showFlares":true,"showImageEffects":true,"showParticleSystems":true,"showVisualEffectGraphs":true,"m_FxEnabled":true},"in2DMode":false,"pivot":{"x":165.9904022216797,"y":39.701698303222659,"z":191.74453735351563},"rotation":{"x":0.06564873456954956,"y":0.8940158486366272,"z":-0.13951832056045533,"w":0.4206676483154297},"size":2.4635000228881838,"orthographic":false}