{"cameraMode":{"drawMode":0,"name":"Shaded","section":"Shading Mode"},"sceneLighting":false,"audioPlay":false,"sceneViewState":{"m_AlwaysRefresh":false,"showFog":true,"showSkybox":true,"showFlares":true,"showImageEffects":true,"showParticleSystems":true,"showVisualEffectGraphs":true,"m_FxEnabled":true},"in2DMode":false,"pivot":{"x":165.39768981933595,"y":39.567970275878909,"z":191.10426330566407},"rotation":{"x":-0.02822021022439003,"y":0.9213643670082092,"z":-0.06812933087348938,"w":-0.38164180517196658},"size":0.17695757746696473,"orthographic":false}