{"cameraMode":{"drawMode":0,"name":"Shaded","section":"Shading Mode"},"sceneLighting":false,"audioPlay":false,"sceneViewState":{"m_AlwaysRefresh":false,"showFog":true,"showSkybox":true,"showFlares":true,"showImageEffects":true,"showParticleSystems":true,"showVisualEffectGraphs":true,"m_FxEnabled":true},"in2DMode":false,"pivot":{"x":200.13897705078126,"y":40.416805267333987,"z":196.13865661621095},"rotation":{"x":0.07553022354841232,"y":0.8978265523910523,"z":-0.17210456728935243,"w":0.3992348313331604},"size":16.324356079101564,"orthographic":false}