{"cameraMode":{"drawMode":0,"name":"Shaded","section":"Shading Mode"},"sceneLighting":false,"audioPlay":false,"sceneViewState":{"m_AlwaysRefresh":false,"showFog":true,"showSkybox":true,"showFlares":true,"showImageEffects":true,"showParticleSystems":true,"showVisualEffectGraphs":true,"m_FxEnabled":true},"in2DMode":false,"pivot":{"x":177.47015380859376,"y":-23.017078399658204,"z":236.52711486816407},"rotation":{"x":0.5454218983650208,"y":0.09135960042476654,"z":-0.05995688587427139,"w":0.8310195207595825},"size":57.27545928955078,"orthographic":false}